rainfall,temperature,humidity,soil_pH,nitrogen,phosphorus,potassium,yield
1649.0142459033698,27.85235509506328,86.99677718293,6.889180538083319,0.2662410862512809,35.70612997219531,73.68769768490436,53.63267701828308
1458.5207096486447,29.81883328094026,84.62316841456385,6.224407141835734,0.2927740664642241,39.68184660532861,115.58459956881993,45.59333462864839
1694.3065614302077,23.202864852361717,80.29815184960087,6.090900558288847,0.2603790039500019,26.68691616816677,133.45577866313423,43.76009940003884
1956.9089569224075,27.12593847338114,76.76531611147213,6.498312771294524,0.284601923518048,23.877632654922497,225.5075062936076,47.05397296683417
1429.7539875829991,24.698714861756347,83.49111656806795,6.414907688737536,0.2053192666523107,19.14849473442202,172.26212498135033,42.31033344293969
1429.758912915246,25.02574923247061,81.96742692710875,6.273385975336362,0.31066468536864694,21.74589470021045,96.58073723600435,37.80681369250769
1973.7638446522174,24.81521215152226,84.47596610013866,6.848193723728357,0.3000602737681112,59.49094425308725,169.44145157670548,50.28597313184133
1730.2304187458726,24.272018460640368,83.17585900840984,6.977652604285256,0.2591455684465904,42.44679580736786,88.10784044246537,44.88377658174641
1359.1576842195143,26.097043255889655,85.24776357659667,6.544203443145924,0.33296228342162026,16.489256337919787,193.30764215548294,49.841123602920874
1662.7680130757894,24.338099767177923,77.32382394219717,7.238765040527631,0.34687850688132793,16.7754204325643,131.15501392728487,40.165307708862926
1360.9746921562614,26.540913651559677,86.58697032817163,5.929155442933247,0.21962200678155128,34.81866061718492,146.25455245043315,52.330613311654666
1360.281073928923,25.899523781101728,80.987998023462,6.403170270360141,0.2618637610716893,35.47264797377967,203.0318659016876,41.81178374853111
1572.5886814698101,25.52210390626718,90.37630436312632,6.141588839698597,0.26154288251063507,35.48883835317365,98.51345725663,56.237505039829095
926.0159266026607,24.184872675916804,76.55406090955216,5.56673169146347,0.2530048449445568,27.450442064463022,94.11527259548035,31.14969057643853
982.5246502460901,24.846457338863335,88.67981901582624,6.45865965707865,0.34147374209658743,28.745457399971,126.65602694615981,49.2019638720395
1331.3137412277083,27.51078245165151,80.98955391731324,6.4391262458083585,0.2903086930613598,33.27879524159357,191.53515404077268,49.452669020825994
1196.150663899673,27.001834375248762,76.74290998192775,7.256724871621065,0.2867742579344694,30.858930062933304,89.2261569809263,38.72780707935614
1594.2741997785822,24.044889510402896,77.58057082972839,6.815405842277388,0.19980688177966233,7.80699627252465,36.71377607557724,42.73187880060604
1227.5927773436367,26.19866461085845,78.3982634590284,5.987906587835398,0.3317709015104613,27.702003694248063,131.95364566364006,50.46974907875003
1076.3088895994126,27.502774246743577,82.12082973200958,7.427046283167094,0.23803708025732637,21.485935657396865,172.0696319964368,32.77743096447645
1939.6946306764662,22.66118943775726,82.6141774401775,7.110516847762677,0.3029966315133164,31.75211418908512,198.01046998955317,47.884604278696486
1432.2671098540393,27.08672038475987,77.13149998030711,6.791048851734308,0.31386884689790956,59.8525900260341,131.47354551658404,33.94494602650778
1520.2584614063771,24.674752482108307,79.87822703869509,6.386757950575084,0.36803292979193253,33.67481665474304,133.5429357153599,40.98605264681964
1072.575544135963,27.14119733718632,90.71135179305932,6.02028038163826,0.23455898004404438,26.86470313827602,196.15602937022987,55.76593313362067
1336.6851826424452,24.473481686914965,88.63771585050355,6.3138966119644735,0.14902439220895872,39.21801501977252,75.21033201218317,42.42355701406217
1533.2767769129598,22.39023579867096,82.18161834837016,7.044374309852093,0.3091924772376847,34.826878872092124,134.45916899267962,38.13586892183165
1154.7019267733092,22.744915124233675,80.190017390841,7.442293152967305,0.3900255590755427,34.200944904518416,157.61695559700232,42.05106407400911
1612.7094055037016,26.096169893322763,80.60015663359131,7.2716217641360945,0.36194731764697186,36.06850593215671,167.96874885140136,56.352424871883315
1319.8083930243586,26.519445003442964,83.06758986365209,6.255575289106863,0.31048297076373127,50.56543564829541,129.6077322723647,38.10153440182515
1412.491875062017,24.191366749791182,74.88603717400797,5.940191283355494,0.2754181907183976,18.691115646740844,151.37764046823366,36.21282537993964
1319.488016331181,27.27718491755475,78.71311731288327,6.570443123455602,0.34035612983186553,34.736320768114545,50.46690586348042,52.88282224965082
2055.6834553526814,22.67695987546208,71.65707963061206,5.615780317218574,0.2513226900147766,20.736188700184616,123.67006350664607,49.25378005996929
1495.9508325786198,25.867840402705365,81.99611561302639,6.661583857092391,0.32381788846781095,35.55512646342248,168.1403485021787,46.381671407652654
1182.68672131323,23.577967600475088,83.2359796985137,6.426198706850665,0.3252735079583313,20.813134885139057,110.70823862981283,38.182759263624625
1746.7634736309567,24.69632778439568,77.58406768850313,6.266981749065879,0.353010495374944,25.826331863949157,152.35936886358388,55.47510738877099
1133.7469050086934,26.094797342632827,87.86993381645016,5.702648466366602,0.43798300194555384,27.049100857620935,167.87490003210792,55.4644155804057
1562.6590785014266,24.279173269432096,73.8711716849883,6.756800053284858,0.31962079835893836,39.75816719344709,136.2980319656894,46.85448779237546
912.0989628360674,25.23088891154035,72.6781255989509,6.233649580169044,0.27455181871462503,39.18454443942414,156.81855083986284,37.92129839429465
1101.5441853304708,28.01258561842888,81.12225909279987,5.915041582144856,0.29872128439040024,17.542826235536154,111.4906973886155,44.11025649738184
1559.058370760737,24.846216260953703,85.23549151306077,5.063868893359175,0.2115462047555441,30.549341109998487,141.73554881215813,42.498094298587695
1721.539973998623,27.671384224130282,88.41963845728934,6.486242547474681,0.26526434344554706,22.904201452508275,174.4086467835689,50.973345190193015
1551.4104843569912,23.740586290684764,77.7055786856553,7.386125798334872,0.27953587809434477,17.414950893246655,156.27891843873738,48.996438823733044
1465.305515283528,27.059608355830566,85.39340416715648,7.330629607273935,0.2737955801032704,27.829829495756297,126.53874921744259,50.20909721776337
1409.6688913232133,28.8831372413158,79.80745765249647,6.271451871706864,0.3076177436016861,26.915172115441802,158.96865617163172,41.37078966104847
1056.4434028897717,21.05671099974542,79.1368635002959,6.1988939698191095,0.25887900338089,54.26716486345522,178.58439162546472,49.75056373871324
1284.0467374815873,24.406209489059048,84.41829968743336,6.734387128037512,0.3560515333662236,34.32959825360696,68.00234885690088,47.150593304625055
1361.8083687120638,27.15414425436108,83.2616143920671,6.000807280405854,0.30001035324590986,16.22382499245763,196.36296259823592,49.49104113039542
1817.1366678656748,25.593909227914015,72.11803921507875,6.650895949909733,0.29953498394306927,24.352259958290578,136.54981045275713,50.67601305265832
1603.0854868705385,26.742291746742616,87.38270174862947,6.883040139192345,0.2836052641743541,40.213832954293984,167.0195973296092,42.98508610850311
971.0879533911798,24.792029626568358,86.90045677073726,7.113466611942154,0.30775953419294894,50.88442772869925,197.8898769458091,46.60298213169363
1597.2251908184385,26.1731795749458,76.87218649245236,6.4499229617600236,0.34125491323338175,14.140166877620416,95.13305211078136,41.6561572808921
1384.475315875105,25.68864552921584,81.97901766718705,6.398163124911517,0.25664348921445496,11.20075614860955,121.62235990289814,36.506704118114
1296.9233999082123,28.335564123319614,82.4701509314137,6.0610087066217195,0.26709417554623716,48.70965175371782,138.4580521649718,48.84924630696636
1683.5028866522603,26.508841686602427,81.30336882911953,6.08655982298007,0.2848136985611668,33.89614177370904,118.64985915502287,58.4727823350712
1809.2998567487853,26.675205324150404,77.2484742307729,6.3867605540492365,0.23270645382633925,21.317072681236336,219.39746303347232,36.290769833034275
1779.3840357348595,25.176246067755066,76.64188316030975,6.683682753408089,0.2590371070139251,35.346290861224354,115.7291162469283,44.12566426704639
1248.2347430332084,25.024787551855013,79.87222964504278,6.956792313116624,0.276188956322767,3.6425226098312216,127.77812882052534,45.48145918657187
1407.2362872446356,25.134883624360757,85.86364509629682,6.098410524659828,0.3437194590356364,30.03375506597161,158.17556126411907,47.4738579294554
1599.3790294210692,26.788904284756594,82.71800077297216,7.246344284479761,0.3131280664500962,33.278211728430854,101.91401895695645,45.16461304206593
1792.6635381367078,25.158031038359475,78.14692833956947,6.364438199478716,0.3096794955683772,39.2427013953783,134.17277152974944,39.24187341980249
1356.247728646413,26.579549713792826,83.85849355324173,6.489316352825782,0.3425448981083986,19.861040477074624,162.698130450007,48.34786710995192
1444.3023070008549,30.15080159729088,65.75728689684962,6.126394160426088,0.29313141058003017,30.85687161403359,136.68558382469956,39.00117344222356
1168.0995077981916,27.742249406863383,85.74382850186052,5.287879869863529,0.3195232424964445,20.745753739404126,146.26452564400208,34.2517888527952
1141.1380127757989,25.347952935664317,71.3014311061095,6.942022698180525,0.29483891235337517,32.55383755674317,128.82671550206516,47.29994568781577
1743.7577467182593,28.40242784432789,78.18779529298433,6.868421948546216,0.3132681174699814,21.04653677636976,89.42118763276932,50.27937309545954
1906.8720085712469,25.183849253956897,74.40165052686928,6.359336221440893,0.2708620671194209,25.918991608397793,162.86372845356954,44.336348665468705
1478.3969635258998,21.923750929644292,73.52659262139547,6.533495358612436,0.1780591420861785,20.04184605209771,220.19732286588965,42.039686854221785
1801.0598693676072,23.98382737816519,85.8041339368926,6.75796960885205,0.2932860418906848,36.51136241823657,150.73606523133753,52.456713646891345
1608.4908075142903,22.25841615794829,77.66149399344054,5.718727071556729,0.371137406804997,38.58451116656666,159.01056468990197,44.434495592316075
1306.4640736184626,25.296973031917382,81.73251940865357,6.235473661326853,0.3463107701120796,27.65379430042586,177.70891020467437,50.395092100440806
1608.4186816525241,26.036836758379103,79.76539710560408,6.897132339810914,0.3482698742295585,30.382379949600285,99.22678013813203,43.87728473134166
1961.410969939791,29.352874624550566,82.3852041361156,5.8728552884153755,0.3618065360903109,15.51408585366456,218.10058632518422,55.195225279528216
1489.2521882670146,26.653854747528325,80.38410945530127,6.646778966083315,0.30443287954807186,27.00323351993213,158.09315185691207,47.70645727443181
1969.3930967442018,25.56179894238227,73.58503887905715,5.821709097688298,0.30986578537027976,29.497953829582553,215.27427596356435,45.135173546620216
714.0764687730767,27.658811162366977,84.9813340972357,6.733214991216763,0.2691174052282825,56.20793091029975,120.67868017904043,40.64358072149489
1746.5707513125672,21.57772938198423,77.53121708419344,6.482179258851258,0.2841963571986475,18.880329742258365,222.722476902313,44.953713936208864
1526.1141204714513,26.47122911621713,72.21709050670124,5.692434092047245,0.33078855748855707,44.64177238752438,181.00621976139132,39.52809993955979
1410.2977948602397,27.541730387773935,77.85942419517043,7.082369677228586,0.3601942218584408,39.96858773465808,172.12160343409434,42.91472269471718
1527.5282329606507,23.04282750844032,87.50379895317155,6.132704211600975,0.29302768621595,32.806364044901365,159.36097817412593,42.1803450338601
903.7293256197322,28.287508086413858,84.25110871056746,6.09487378149281,0.2774905367574294,47.586204841951336,140.05885527702202,41.6399223735482
1434.0984336487463,26.67699281498883,78.2567393279607,6.600284598615471,0.30002639794282987,33.72105472606863,198.0212663389549,56.773532270155265
1607.1337714535239,25.169424172198397,78.25371147840785,7.074318674714357,0.33006033744645574,33.891591956679285,155.6143947939219,51.33447795327965
1943.3682134224548,27.26556373221257,78.39182474391309,5.9920890905108015,0.2278072591933229,29.468793469824547,71.31721185651391,54.087765791857635
1344.5189345179058,30.54138571560879,90.3837399178042,6.530839924923986,0.1851909523431381,42.235688824186276,105.3125415317199,43.91551713451357
1257.4519191320437,26.36373251011699,81.90967726115777,6.714408250165286,0.2724731575254208,40.96469233810883,142.56616991229012,46.39575341217634
1349.472886924639,26.496441172600672,82.15020823595535,6.846552803631572,0.23896437870429205,23.743227125037876,162.3999593266222,38.632389834213626
1774.6206353106222,25.081278200919513,85.15141727015921,6.588220777638613,0.27459299011763444,16.807528054012327,147.73646044400417,43.044060519183226
1598.6253328979053,24.300311261070416,81.19394579513256,6.316486080458339,0.2926109840591264,27.97019362604343,198.7588315917465,41.0601351165155
1341.0719388698883,27.66067163308849,78.70478927089648,6.08620488967564,0.2773375795488493,21.999614356023535,71.95592543845501,50.08716205478626
1653.9802299340067,24.287832348182267,79.0182507545751,6.543071941523188,0.3726233767235373,29.36475425384645,155.74351746020642,43.84196624130626
1529.1232648044122,26.143132474438787,79.64199370292968,5.963930494007196,0.316337238230116,42.37438134684139,77.28083098451381,50.34706829367997
1790.5934971598667,25.044685106469768,79.81388881745079,5.039324758252697,0.3150237179805414,25.426983449132102,180.38849181936672,46.372421427693524
1289.3840718367942,26.957959651492782,83.6381477181849,6.718279902078834,0.3311103572021701,29.57176618688425,146.2216514223199,58.482734636830834
1401.7013560206694,26.667324210573895,80.2597294290365,6.951967420543098,0.24305834411096153,30.58022734808395,166.78439888096472,37.54126648657788
1382.3675540603526,28.0750798885158,83.66320038607789,5.318533782229081,0.35195558937101346,38.484308822052846,115.44468157640935,52.432687082171
1060.9455155603644,24.979967202290506,79.59641709945708,5.995134647645031,0.296211785673227,7.531106660153949,201.17859726631005,48.563732571799875
1588.836083119373,25.460250129413257,80.39317595158045,6.809577130502599,0.3335240308620606,23.932997052347034,191.66898656235406,40.98828159214064
1578.3165816539668,24.042472568435386,70.00899657733946,7.528747734855849,0.24640713834799222,32.11283692279473,173.3417721204755,44.961870584205975
1501.5340369927383,25.111413479847776,84.5816383735124,6.510396853837704,0.22231206169919676,42.000789564268615,144.81931012546238,48.36455062987884
1429.623859987456,26.754600986089706,81.73244237948997,6.135998529385433,0.3408944829012514,25.080975524937948,173.1942914118053,45.28583320524804
1075.3887773848758,27.513977233290703,84.99005054929826,6.4085517794475795,0.3188204763048758,11.23447293958126,121.72429728050605,42.06937884307261
1373.8064031703923,24.15566935164475,65.51872310903155,7.1874382095740925,0.2548974222821245,36.197114459661364,184.22222636082847,35.7116929478911
1397.185645041969,27.739211840211322,90.44187352390364,6.1770179104377325,0.2565168459362653,23.646376111743706,215.97923577295683,59.30691518984519
1259.3168192335143,28.7112757176099,79.30205185922414,6.100403996674873,0.35627173922073846,18.103333409096386,192.82442239916745,46.26523742983026
1451.6142865001973,26.8268698064474,85.54091408368758,6.258628238908984,0.24052940535663359,23.75654610286776,120.81590120770362,50.208124557592384
1621.2152570443616,29.753591625116133,74.80047036437234,6.023335695870644,0.38213364766279817,28.154746423441505,164.45669269092411,42.525182644071315
2065.855770363159,24.452421601792853,83.06386952531285,6.561335157997398,0.25496896326760654,23.952553354617873,98.2743382496541,41.98520883501711
1552.3733438495517,23.510690593377166,74.73292218413172,7.31233922923478,0.3319195962804191,7.9443394290093075,172.89561244702702,46.51058328613229
1577.2651172168294,22.442559502191443,76.88115519652098,6.661539636558015,0.2835690762125508,38.970661968871326,168.02413651450155,36.83366143932608
1477.6662252701499,28.992088622978365,89.57015676933393,6.373823248936856,0.3301593715541171,42.748750412787224,75.20734641871344,48.18510615154469
924.3686354102875,27.308731312708115,79.04658799618326,6.3540943655422275,0.2727942998942904,36.51521991339506,103.52864624350545,44.68439556952294
1492.045837365235,25.88883065817909,81.08716436589862,5.718404595651672,0.29186035469638527,18.623143295751834,138.67444413024933,44.48483366714714
1518.069062982308,26.559937252639642,84.35033865344377,6.941554888573579,0.30204595876978607,27.98508466052482,137.96561011436694,45.64200206795739
2238.972633745586,23.749021905403247,82.47840943986303,6.461081401493599,0.24989062721092636,29.934786847705418,101.62092258324779,48.009095600945535
1442.2917105656632,30.891503959233653,80.75209452571788,6.409760043204687,0.3370412172710063,35.987943895619104,165.55914917408734,52.665163483193844
1590.4642027000837,26.258442363950454,81.82480501233113,8.096553783922431,0.2743393216764207,36.68340488718081,160.05894435762048,47.51582415522597
1489.586469088427,26.218789589209784,92.01707792619138,6.6493764541828435,0.28857000423299906,22.65826201221504,142.22923472085924,43.90682464908368
1149.3965887141403,27.451533247797386,79.71190601483207,6.124104474952408,0.2502825312695744,30.819955564135604,119.76833999366548,43.007071556876596
1842.8468443545062,26.962018463473427,81.00549523357483,6.2868212018972285,0.17188331706023446,34.57280404615241,191.94828505666254,52.38276442717391
1725.5799098060322,26.447768048558263,85.25327198003806,7.074222854598378,0.29044861186999155,44.558223221467664,216.2162845235318,52.87037579158383
1737.309584112914,24.419051089109377,85.52762966478991,6.556635205268882,0.4206307710806458,37.04506539824723,130.65754064613853,41.73000233145461
1227.1837635615784,26.94293671427199,85.9351515278019,5.780861010841317,0.3392302143949012,37.89056687375519,125.51332331380718,48.56746658681821
1920.8382932808297,29.764048992950066,83.19365111014592,6.959614467287602,0.29903698101328025,30.83826627929361,169.64830661647986,39.1002074248935
1079.4446811623156,28.690840092309955,74.28497543634758,6.165927957230503,0.2868554585395866,44.10459145203504,135.67882481012055,44.78690487024556
1676.0571281400812,29.186373253278795,88.16715766150548,7.436648888108773,0.30112329464060233,34.09762795959497,144.42411197347064,58.17134095300402
2157.1366877429937,24.97756864713763,74.26827303490656,7.040024032857325,0.3273559557587605,21.389120898264295,179.58612606898686,39.402904820657874
1202.8391024607936,24.020790359482838,81.51317732619516,6.276339052170624,0.24095935923455775,44.033699701251905,73.62575649970829,39.59862560181014
1330.1106811191685,25.748426159800704,76.22862074990321,7.140508180867556,0.3557160847334436,36.979032725390276,202.73209299410678,48.375586626783864
1529.8954095262923,26.111449824577388,79.67930826703504,6.533927755263702,0.33576906577206217,25.569559788715175,152.90722097317365,38.40268598176427
1348.9573037651403,28.188383036941897,81.6438120515174,6.926386837561109,0.33590928628539674,25.205070326007565,133.5402742175128,43.22345003823851
1034.8009706801602,22.61507074057036,81.60678607725137,6.7423664086472375,0.32192378694048635,32.96575545140762,146.43063383114205,46.688477985721875
1520.5688924418082,29.059100638921226,82.10960377117642,6.076821672504563,0.30098083288469946,34.63184795267585,148.49717420082075,44.41215581074826
1181.3088858821684,25.683984202842023,88.06855634529323,6.178225083841269,0.33364306179834097,31.972922656312065,80.75194786220298,45.544373237822036
1642.0777291905545,25.14623786010516,82.2676715075699,7.0149804087905805,0.3295907066870689,33.11308673442885,209.79752909812944,50.278080269272095
1224.172729729859,23.975791249479666,78.77921682354676,6.33261233394673,0.2822979644529488,46.999573745763804,151.65302529082473,46.53244980156578
1964.9803215052618,22.690286656268462,84.82043584144179,6.298175768379002,0.27131991135515493,40.71543152234886,167.72008521789502,48.07784978366025
1265.0240122991288,27.64634116792383,85.9473524446232,6.022438710325323,0.30509281476309935,31.906355912650245,188.06199082296172,46.013556217740714
1403.3815451382973,26.146635934376807,73.86196092431504,6.71179953279673,0.37745100757475936,39.41310580767483,109.15350169758798,46.30207622861805
1744.055165210901,23.420078200517892,82.98700034924929,7.531262459621573,0.23804464621730495,19.674760964724605,168.93887596140914,42.466634485736975
1130.7407050698134,23.409842455872766,83.5058637115545,5.966233542872864,0.22662373671237798,33.979270499468086,139.29435636404827,45.59780134265468
1568.237980381239,25.328430601419743,78.51218248320004,6.512109728336379,0.3082380420618258,48.0930634973311,183.87083100865976,44.17120832974111
1892.1428262847285,29.338043050578786,86.8785340665581,7.206110277707714,0.3025443850928009,27.81954104607626,64.91090318594019,47.25733190560437
1017.7550296316317,25.48081729727279,79.24972206483737,6.460179304377142,0.3086670832185204,21.52366071380915,146.03622799034923,39.14462112112424
1555.3901575596913,22.99371409376379,80.6278822673577,6.726185898124867,0.31219765989542503,23.479111114069394,125.88717376864153,43.723396088271805
1577.964838274527,25.50851387182811,79.13464087858065,5.96880323592656,0.2888398872682597,19.103669626576117,167.29051802536623,40.04966856401127
1734.5468615331931,25.45455286050466,80.07789523790734,6.714153548603824,0.3744931719301041,22.152380918722965,168.8017674947281,40.76176781685778
1128.9147867365755,20.606226714116858,74.518624565524,6.406427867497726,0.2199548010761742,26.29491901409971,121.69496420711896,40.75393537799909
1103.863016074717,25.891410266964375,72.79974558702853,6.9928649978399315,0.2585751487609877,15.94432980821358,121.51304543295825,41.669422157698754
1656.5824696850693,25.538130939582643,87.97252531612486,7.093693025782375,0.2948372619925476,30.15618333949603,145.57338525770683,51.11288626665438
1589.095401969956,27.392412729626837,75.76519325840836,7.794781821009307,0.21784055944229164,39.02277173786647,114.13431090739167,40.12965094677188
1575.147855103763,29.69791218989069,75.04303825271846,6.789816586606788,0.29120727977839644,20.9224381985308,183.6793478180851,47.767782527829965
1603.9344628490926,28.253130059095515,69.23304943198143,6.662898158291084,0.3830735082864009,45.19283923641769,135.23171198210215,47.97523449413243
1295.9925835264528,25.46222261889034,76.8051912615525,6.597192150788668,0.30104432441479806,35.107920885275945,33.72047122713434,45.49718259322758
1569.676109148301,23.78694818251666,73.3845510329625,6.323416853594656,0.3115350452859342,40.305805856240575,135.00711773512776,39.04746883564493
1587.9217419896045,31.146719606499722,88.21007580068185,6.669241921730846,0.236991761741371,23.42165446147863,108.45824716624111,50.24614240747793
1285.6945745920896,26.118436868028976,85.04908544671318,6.352299294930486,0.2691819295980261,38.545252270666154,84.74896738156218,48.13720487067609
2059.732353343427,26.027858583825893,76.55924827411138,6.584230488134807,0.28124018098380316,19.08066099604687,100.50293447109709,44.740064043454645
1642.1498762735362,25.951749825779995,91.26217902672154,7.1587987678039795,0.2841142451621883,38.90247500836509,154.37633887331882,38.21887213676348
1142.6089508392054,26.39616952153571,84.90882743495797,5.996728717360179,0.3640821897501884,31.718393397935312,203.14563312992925,48.010054346219356
1696.966082590149,25.711279176152114,78.37584308245688,7.0699392805645225,0.3278845530362562,35.53251219984784,162.52737895459921,56.365846243751534
1207.5954989318036,24.85267598623953,67.50297142563214,7.158557533669932,0.2444271021531484,18.24405394375148,125.73986447137041,36.588981370981
1736.1253811227357,24.906282117519215,91.45471286295371,6.44096573650446,0.31232523892160025,21.049301577233955,168.23616780682812,45.461430809769496
1847.5786737022213,25.934493459568003,73.05213766618202,5.439072550495703,0.32491108742483926,35.972282182533846,131.63638759124032,44.68702213587894
1253.7953044944868,24.91315045773247,71.77300626521554,6.196089006452784,0.3570074519260633,20.516519957757993,122.21598523347421,43.268197152141575
1789.0128387732966,24.574308434645673,85.1128521600482,7.1484972732805545,0.37902703432841867,34.63206292099123,103.82549327068062,52.625845245445404
1623.8342780809494,26.212860455383794,92.19876203169636,6.488565968850559,0.24924529040860655,16.328621935397543,79.92684772993124,41.80967102967463
1746.618047998347,25.49004556515829,86.9213640925526,6.000348883852545,0.2594571244394831,38.48174212666668,134.40305173762218,50.834956005026044
2069.0378947961844,29.007985977165376,82.8195456002618,6.247612539385892,0.23712110705426917,17.67476685231491,156.32213959680527,50.75343865240918
1426.383565199139,20.698060383213978,82.97377170832642,6.920310013252276,0.28829900704465095,35.522999376795234,146.1350531994044,42.663066694576216
1273.8791506927532,28.183013703844924,84.26707779390154,6.7733667841006895,0.32331791872231674,36.256309336460006,133.36132288210564,49.44569939575273
1233.145671112343,28.49217038499526,83.79464294893383,6.380533950415153,0.3493667258294551,23.032281815704252,112.17015757212876,52.526107653025605
1255.2569145103685,21.8532195351837,81.40595711984687,6.316587794092656,0.29620244881787383,35.82026567084727,174.32984766739875,48.3499994692893
1476.8694871757687,25.314624811839302,80.52100551975938,6.304120925478089,0.2840076238372578,32.60442263333556,97.3147232021366,39.10394292884726
1602.3455924449931,25.257118268008416,79.6870343605024,6.038794907750749,0.307587899612437,24.61158143807262,181.04111655373902,49.034610609889235
1583.0072397990057,23.18497661056436,76.23017705566662,7.307687844734721,0.25824285491849885,19.91445315923792,109.911319242931,40.36600158652434
1748.1549747108072,24.44436662481825,78.59662461566613,6.33883976539433,0.40447693608473867,10.37374308327421,119.9025905058786,45.102013087466695
1503.900567563372,23.778848309068344,71.53521592902307,7.108579260412748,0.21961694864409703,33.496500472996935,91.32859237537292,40.290896936395356
1936.060223147195,29.504540886847245,79.50830186602624,7.2606580259612254,0.3092370289447862,14.351972286379448,129.94391412457452,45.313758498624715
1420.6029500286131,27.87135678629492,75.05704446424541,6.99915544907398,0.401180310961482,30.953441994413083,189.01249833911916,51.70382441259233
2316.0507499768855,28.54311018998832,74.48205341392115,6.284189843640976,0.3003399922279999,27.36551783917751,170.62512353775827,46.47598955677663
1687.700204329502,27.44334412808647,80.8994707557674,6.701865045168304,0.29049804824992526,36.79142775438196,189.1368844811214,42.00137368220957
1242.8527330751153,23.74189645756554,86.96001143172299,6.487902196804542,0.2821277288594786,26.979545005101357,170.88570183735743,44.33192379543376
1178.7322505816664,24.950959467440452,84.59158303001156,6.048149069634936,0.2909804159118796,26.705522136529087,105.85320685878523,45.50380320174238
1644.7417245729555,26.978749122455834,72.14749698188412,6.662179640860802,0.3686424237338265,37.318707042882956,136.7684310268977,51.1648656444541
1432.9611644022448,23.55574438221611,75.05185931714831,5.910480104420099,0.18940690443352465,33.35058029084117,118.7920348353015,43.745304355871724
1714.2001482276276,27.425996860344775,84.70385593994108,7.093839694230782,0.3766716850648163,33.16155957182778,203.2229961615616,44.56922451726835
1641.9712873720634,25.51934920368373,75.08756303230845,6.267691351350804,0.22880214237749275,34.69267589808526,102.12845414294753,55.57515813248326
1478.1513262029382,25.250358384900807,78.87683425001488,6.60057982793642,0.28666738353827925,14.644278767928942,185.74790757556443,45.82361586841269
1245.9618845794785,27.421919936406983,82.75026049512276,6.641643935773071,0.2785377789850669,37.56788679986982,185.71815480435077,53.642581382235875
1045.5458325942407,26.88852662297208,75.15827772568183,6.370547513147962,0.32942766348853597,36.12468794013602,223.1848080686435,44.39772026536744
1366.0455143798936,25.27806766836184,80.5268775307298,6.793346900737637,0.22009378240581262,19.83316871423503,133.6125362948201,46.138012166929705
1756.9196382970417,28.318659606728495,73.32987252540897,6.262548171688738,0.3231086333040971,27.559195263257987,178.4928863832065,49.78854466358646
1564.2281232390612,23.837873344800204,76.99316178024394,6.935648648728622,0.40121548116434264,29.60692712372369,241.2660734615537,51.270179616710585
1126.2783663864036,27.231871213888528,81.59890967071269,5.827010159876625,0.23184129977035944,28.655032155982674,125.29433292265213,49.293135022304504
1551.9542777553545,27.186202515936767,72.03503133234166,6.563189789773206,0.3094853083805198,33.338599665685344,88.59839009870561,48.1898916020766
1615.595213918651,25.38090712137202,82.20237368980199,7.469464499529142,0.2669008911101695,44.313667818311835,74.79959864368945,42.700681728889265
1234.84276913966,26.652266044484236,79.9018110053666,5.999834337697212,0.32129436030965175,40.81766727672829,178.50848115445325,42.94621210622301
1546.1175317836585,23.497772847229395,82.76244977208574,6.161127514737574,0.3009573888707876,16.877808065685937,74.67399167765664,45.25535320867262
1517.4626155337999,27.848054038413803,81.11957067032331,6.756953924829458,0.2679256545477845,36.220699903060485,135.10723788248308,51.287919882873624
1157.108910650813,25.63019572711402,86.82070214986922,6.589790890969799,0.3243936142435537,43.2893331953541,167.49252748155843,46.9656691210156
1607.336208104485,24.95455395896192,80.62612251323954,6.6753150496367795,0.39021740548933714,33.868085206892026,157.40702147319655,52.02466440893011
1668.2353579104704,28.098018451673777,77.85297229437373,6.744593565073831,0.2904548104136351,40.90980425185967,167.01779456736688,54.135484489656186
1824.915372952583,24.591312618914483,80.61148751516141,6.817360734280885,0.33598789710740906,50.12270445700765,158.89159423203415,42.36753738222678
1816.1406156104708,23.18307740727288,82.71649014518194,7.0548499209781115,0.2353363521064418,40.23709546106981,201.15463253253574,41.1212282369176
1086.6991896128727,22.886741652952193,80.24430035162852,6.7049093284642565,0.25217818115909957,32.49308595641729,111.90734477044812,41.84387491685154
1218.6524880254633,27.212019902691278,80.20295845601942,6.379371172690729,0.32362031389401885,40.450884740847535,122.92019446165875,47.88895747112898
1654.510580162598,23.439141295007435,76.49004156096622,6.836286850601366,0.37420580142679827,31.448878330968913,119.09362218916704,41.18563365878889
1654.1357852736626,29.509588363968728,76.68549541224526,7.449940967447608,0.317780667439283,30.239030432849553,183.20767247450442,52.451680756426114
1654.5143058918143,21.836141184232556,72.98697364100153,6.433683126808713,0.28434709847384226,26.485857642862676,186.01594353580253,44.13881515964963
2655.819447196416,29.392912736580076,88.74788371593469,6.012735347664679,0.2999645702711677,45.63413358832108,168.04901277274033,52.81700882385147
1671.26715320795,26.422034934405236,73.78068382304357,7.053540334643486,0.23747961330151413,21.815713340579986,197.3397466755971,35.84010789870209
1840.6696920541797,25.806573776259214,76.53547401102047,6.439809418023201,0.33022576631776834,45.32367724678116,102.87836530494477,39.44303340801916
1786.2005290479606,24.9101618263821,76.40796367215401,5.413665226992982,0.34411665311617046,34.99864123740372,216.68896446204548,45.54023601598052
1695.4173753917394,26.798272228704143,84.47462188472221,6.923710838575211,0.27739548335834596,16.006938251980586,210.92954486849032,36.30555481749501
1405.4192266078962,25.924730595150304,78.52525160853986,6.232335907023039,0.2764978926120249,33.67649292991422,179.42487988982987,50.101690467133594
1727.6907661479802,28.206603764033044,86.23871036336867,6.454733358847919,0.31329391148260244,8.99973492348376,221.2719563508424,48.34463944366595
1268.1524356387285,26.22845529732408,76.63254687878066,6.665990165284507,0.27816401319797024,36.25508016831036,83.73507169288905,59.955525958302445
1428.9544179779973,26.300603522923755,81.39497081111901,6.595249839889533,0.2966933692687089,38.852314829889906,129.02207454949394,57.975553593731576
1354.390935651269,25.27277557557229,75.82326473370121,6.854725908569519,0.40498608945832576,24.076440443479463,120.5878615727219,42.93501344830688
1524.5622418158969,25.886108752557867,90.72574563886694,6.282256814715078,0.28764871496270017,31.23547695955582,178.85917295029373,48.46958389545212
2194.397570002053,26.615603537784118,74.06200790485244,6.7565528990880415,0.28208299239893886,49.541574337502865,107.99437041591418,50.75785339720963
939.8204422224755,22.57966321468675,81.54910355113513,6.370226661208042,0.26762290971824204,24.942532957380635,180.29980597349942,51.616873733921594
1705.878057112354,23.303629155788574,83.16888440466049,6.869405240443752,0.3372095985749968,19.410924129433994,204.82144575986854,37.4761368952699
1016.1852386431045,27.48652818804543,82.0689954872575,6.807683742006526,0.29093879133909484,44.816634024625984,177.80811600335997,37.777389181355545
1358.42044026317,26.341730876255884,79.07356170561145,6.032280648977702,0.2675313480839287,49.625871905307946,161.35004094646004,42.3342695860905
1826.6851790902099,25.632033327294643,79.35089650133287,7.042991058087516,0.3660652016136506,30.036956718478475,110.48506636397003,48.36971228762203
1519.284005728639,26.036867866130788,80.21905735989554,6.232018277442976,0.37098015022568187,40.11463035408356,116.1259613549854,48.94791629342612
1176.6765666212082,26.695163410723342,79.26498999185756,6.904028899140573,0.26997882171306475,43.414759155308815,199.98475621186668,50.89160504981422
1285.4088872220095,24.920480639381278,84.81939558397455,6.683643656700671,0.20667300243196918,22.575157674616158,181.1739601562133,39.11832932371176
1703.8793246804028,24.443390549195374,91.05261500795676,7.419091838397561,0.3503756844918461,25.146941646321316,148.43921922489824,35.77183155418953
1280.890010484859,26.391690510195364,77.21254107496082,6.388267008814074,0.2657685087119998,42.30874513154735,133.2836181693644,49.09395111808553
1564.9375768745924,24.043254444769936,73.15098510210461,6.3253416019409014,0.3395312799581384,46.85014278708509,68.96768507554492,39.03399653551225
1513.671551971144,26.816505511428943,79.55858975824373,6.490290197056134,0.2014948091144082,35.62880860174355,107.16590325262246,35.05936141305645
1304.519895718255,22.59483279152432,92.8985466882716,6.348410108582862,0.34462986691496544,21.201856464979457,226.45676348558894,48.969118267897294
2143.183226797598,28.058311274651288,75.98162716015135,6.899970950971025,0.23944140353596094,49.87061111699441,98.78177715990134,50.151709140925924
1690.1757066954033,26.945194964826086,88.19558402722033,5.691844695781706,0.33653820595332623,24.690291021880356,157.57919284884323,47.26071637404268
892.4572240027179,26.51205946862775,88.3885040703822,5.973158790426823,0.3007136533918217,26.648622188285483,190.29775892780793,44.45711628598574
1555.9362944308282,27.965381967891027,77.23205879146003,5.966098539210403,0.25230302903016777,33.423378344896214,99.8030932799083,43.59179726828202
1301.4640605694835,29.330948888925153,82.84491539592638,6.975153795986788,0.27964818435366096,45.54160420714774,157.38841899124333,45.9661020242084
1755.7300004388671,28.02874013003626,88.14198311564269,7.355306686290962,0.334315922847835,38.539759765522234,187.5166215004262,42.66288950006463
1262.2437784701897,22.31825153733671,78.10436129506256,6.447775390731264,0.3052947226557617,34.148655003619105,150.49997287629,39.70244881613935
1465.5790675599303,23.440846066528596,78.98209819948819,6.415589138404995,0.3292206490236242,34.63288530118106,264.7361222266707,48.455000407671676
1651.496183694137,24.75036284460864,77.09159543025677,6.535026081556591,0.39882202922577425,30.43514668643466,83.25602964487219,46.68653088556714
1759.7265582510365,26.052182100421668,74.92621634653567,7.080939151304095,0.22178791941444742,35.58139514518506,192.34914119535517,44.62227016125679
1139.9110778832671,27.035318040938247,76.75361227466996,6.036323432904713,0.3808606287484312,4.704399223056971,143.0879305041414,38.395174868857744
1399.6496292477154,24.548512373693068,73.88029866618872,6.619184491367393,0.30521779687616063,27.033925409302014,180.87680619346702,42.30440255294684
1357.5164066517132,26.373533528954155,80.17041734129613,6.987598814891215,0.2550607975838436,32.41321934916781,167.65228606796984,33.94019372214916
1304.0012302278865,24.489234135293355,76.15013384470679,6.750547084969923,0.23348431871305048,18.48985916380493,120.67375211560014,42.55502249747834
2029.636272084329,24.776964394016105,81.16892955895374,6.594790808299372,0.2905439804611483,33.8632331781156,159.1598556983736,53.94334055183292
1621.4945132882867,23.186677806303557,72.22052176898187,7.00052304628357,0.34608250559622294,27.955287790138783,75.68394194406851,33.746206572555096
1121.7348136994865,24.153533507778192,81.65440116107229,5.148383853500381,0.29362254398112325,47.5547569831549,174.12990002285574,40.23894835921928
1775.358584116433,23.29663078876733,84.16764480804463,6.838937659765453,0.3755577465123674,45.730197252148564,161.92633863962104,49.07833529317698
2136.64685910379,24.048253494045333,70.03132178714273,6.172962158436288,0.22744121549742202,25.34194430881837,175.54640674572408,48.21392792825544
1809.739578165344,28.10728359321568,81.87028284923787,5.584683551571771,0.29939555260769724,28.491622884333047,192.32473300348602,44.50423382968117
1044.1890102137959,24.101202222336113,86.13834496236646,6.755601299762491,0.23738032777934404,29.260524343916074,164.70479360838843,41.491905805524254
1354.7297781401246,31.26476412967478,73.95179490654397,7.186829272581479,0.31818159413124836,25.483405238403773,155.92357679193105,35.324327806989444
1880.073344755987,26.98663580176178,88.36286193418852,6.431275742686154,0.344344369504865,31.950249840281266,114.75726653354832,50.33059415496045
1287.6991603143658,26.369672247389747,82.09509504683022,6.976437273601469,0.2789619103159473,22.417179311124098,121.51116945403797,54.77185837514452
1633.1458284438686,24.283284439637573,76.47494072120796,7.306139128994323,0.16978930716864327,18.693846650624735,197.46938480709323,42.73220939719224
1732.390216028801,27.40061975881798,79.72115461171147,7.157457226792023,0.30994740733982473,36.227112239002686,207.45341622823915,46.64049119310819
1221.920858526575,24.848724347524453,82.7916345626086,7.319982264685697,0.3218369275866755,36.29529584221811,140.47558254751783,46.114031177514335
1482.14239318146,26.244019629290722,80.38002695706206,6.871063745535946,0.32021473774808484,21.956842403400074,151.84010989013098,45.22110577386415
527.6197979792782,31.12016907653759,82.69377996223184,6.537716819450797,0.3617891095911077,38.95355430762599,113.81542500024935,43.986675683989525
1192.683707599713,25.8078802005507,75.39663203460317,5.699017094051416,0.24644731601754755,23.684222708346688,196.9102738106978,46.04051792604687
1424.2295545820518,28.298546652571353,80.8468041201804,6.376968755935025,0.33401080527252247,32.53165238037981,176.61667294767113,48.86737620015364
1125.6650454105452,24.593647149748225,72.9314275154751,6.078376702341904,0.35962537562389874,38.20344012612456,227.64869745854998,43.455314321820545
1989.7233911794906,25.930023019006075,79.4438696932565,7.585471358748907,0.21107062079967415,29.66387435296287,114.86707691281045,38.47241704072289
1070.9575866118103,29.54160127127102,75.48046179267605,6.412057093783831,0.31598259129594886,34.54740912141134,134.87968403927132,52.134501403326176
1367.9866539909049,24.746065884424464,76.32235028705117,6.561602403392243,0.2747910084496164,24.835703561124284,159.2578369010229,46.788293887753056
1539.2221731858274,29.624897115993857,86.18046587605218,6.775742688020234,0.2959238663449177,28.03533416571903,175.85958150903082,46.5485442911327
1932.3819867198347,27.41550387091095,85.45655060297135,6.521801223186227,0.3173838241769168,27.941405691196596,141.3732944980947,54.15964438313373
1069.2413546461682,24.875066448211463,83.04569060453588,7.347525520215377,0.2756385717943224,22.53421653459761,115.08155638185198,40.34072999089367
1848.9491256464878,27.264815478111043,74.5384361766371,6.188675319132774,0.2662145960419194,28.232258368842178,185.25630115694284,41.08549190948073
1503.0699183058762,27.94510889925346,78.41795775152599,6.5973037276186215,0.30170762087440123,14.513817011362534,178.84541450182326,42.04217977338798
1205.5474046856148,27.24361992443439,86.06548849989592,6.128764707150976,0.24563770305685986,25.08846252857895,113.349035977451,37.09902848719076
1638.631042278981,22.859550560219088,80.70858456819953,5.839988744389647,0.2457087435557407,27.151245066303293,204.21771204421984,45.814128935312446
1559.717908672041,24.545725648350263,91.59664769990847,6.194115454547357,0.33396866414782517,27.4382024750462,196.80794836786416,39.783475717803924
1319.9349368523617,25.50496272889699,81.96658919697185,6.481481601475794,0.24256029824206718,27.58502554129221,155.37185988991172,39.16164490225195
1520.9406254970056,25.851133141799906,80.96024558245016,6.28534888774137,0.3333156250454606,29.38235800139871,153.18391449504145,35.782392522194044
1384.405920941472,27.241344195101355,78.4544176789875,6.153789510063072,0.32312956464269754,34.79441518086064,172.1623108446363,45.49567931321792
1534.0552035753744,26.35540200186651,80.66770452391141,5.7968412681640835,0.21370966356047016,38.745170741325225,115.53187718974968,43.51787694479469
1698.639202356314,23.3293112825798,79.23765081809728,6.458447213685653,0.26612176738321724,23.50234773151733,151.2012591665633,42.464990304944855
1975.8050448436056,26.760395702011927,83.54054338344295,5.747639812984499,0.35970547015236864,17.967991446108556,63.90465821563279,40.81086296432762
1128.6553503519453,27.221171490567645,84.78351158397292,6.880027981844801,0.2509417234430159,19.57955587756897,185.05822582011743,40.02070247681657
2139.91001239688,27.11958089586208,76.07005269746026,6.541219876467252,0.2767797868845306,25.127970788050728,87.54027110232562,47.79963496603234
914.3736601432495,28.161561451109243,73.3438352322111,5.771224250267535,0.3231030446625948,26.480786821834908,210.13679313715997,40.35880517658638
1454.464471489325,27.66784430909781,70.81897313448351,6.345395461475068,0.33916952546412976,22.300039338025428,136.79519624134198,45.135774752459454
1676.495161945373,26.918360158456874,82.53995663456271,6.123921797204709,0.2874230556977752,17.038833357501055,141.53332072275293,41.53726298935663
1584.2975603205098,25.859668577082704,74.48316696913064,6.6595872552095905,0.2701244902654179,25.438791725258117,124.89064375661977,44.25160962984108
1313.1901440538218,22.678078132968018,69.23554703523759,7.170225223011572,0.3711184930849254,31.814266201139713,138.47844504311695,46.598705897057506
1437.5633248928175,26.85923643826517,81.94289302265481,5.562413765177128,0.3869449831898789,35.950294658355645,206.74125380592147,49.67764641090863
1352.0997196023502,26.41537537432622,92.46499758716395,6.557513039573709,0.34894290253908977,24.425769468916787,50.48765373859682,46.68988526850988
1323.1905729167365,26.54315767439075,79.96964544230053,6.4199336022166795,0.3042659071282512,25.870021778565658,201.0786154435275,47.381661986578074
1754.8806291063074,23.44650284835938,84.19245387225821,6.835670038225233,0.2595867139179537,20.733016911526892,163.52093924406833,43.883810272164816
1607.1046457895143,23.837886919183475,80.40914679273783,6.606598314118845,0.2584777796721717,29.685608296252237,101.71913408571137,44.168350636619515
1292.1271214218036,28.106305706665808,79.50555173404429,6.124015334130591,0.3261257052632879,21.515713658091855,106.98750427803049,43.515965802226226
1769.8799626299751,25.92088969228669,84.59538241493884,6.340473032166691,0.3209199110444342,35.731278132412,217.05572108832814,47.9044097587396
1592.1898562629829,27.36300139474525,78.54862727905675,6.101987071598256,0.37007992964732145,12.141335080658887,112.17972480229075,46.124572800712066
1743.858635651688,26.05663675226092,81.33696157035952,7.038003569299299,0.33252250462680694,26.403703275475376,103.86597957616162,40.558393487836796
1688.8886525770836,26.05951227899149,81.60848903098007,6.510655824335971,0.22484598491200908,33.01107339191742,195.49258169458918,41.64331370598396
1251.3014967233782,27.876567611951995,76.65954773178476,7.450595342876504,0.3525973808861459,31.838345163225043,163.54211505143658,37.3481598815862
1331.945687940909,24.967910543565253,84.96021174768262,6.469669593092689,0.2500969686342793,56.93033663980496,112.48297693854406,39.04621012335454
1724.1880815369786,26.192241553881967,79.12520121652295,6.145796616544769,0.2808014364023824,33.49800024567907,158.66499901618477,39.5568014434286
1683.1110796300395,25.075449422589916,76.22127420253578,5.743142803693586,0.31251001031258474,19.959454031579895,108.9698926543889,43.26669900397232
1493.7295218107556,25.13100754513537,82.68254921785201,5.598430161872027,0.3997833744891982,29.04535752910927,194.0328559369042,41.48108050854593
1535.1982149926346,25.38165575306272,75.50766009104481,5.707932028497255,0.45549592780026804,12.237536665335483,192.45483859492535,46.48884320919878
1883.2994687365274,26.444267543267426,80.14090578684564,6.633563325505742,0.3303361529568091,29.19400250703239,171.28024795287772,47.41331067236026
1322.528583349251,25.042502756673045,79.95440501677898,6.754362511614967,0.2908401690639806,21.669439429992416,164.46644244988067,34.437922046286744
1664.1292143510113,28.511512251147042,85.42947782915789,5.709404648983933,0.3267252824240275,39.15390275560162,220.44752499469496,52.33596833406653
1439.3422042698319,24.210785395560993,82.37349116439977,6.947519157038058,0.34438277129369177,24.50459725404465,149.98745309552902,49.02401147611696
1434.695639031834,25.626256711677282,79.87486520627428,6.2584694741582805,0.2839666187221404,28.832340842047532,102.72503498316794,39.50113834908235
1829.633055596157,25.12053788345165,84.08883149600143,6.573396505992775,0.3897605677956161,23.644421585955968,167.97895651329227,50.15996552659485
1747.624904696409,28.893955768707464,86.95103774508657,7.306110314127713,0.3115035379595701,47.388513518533316,233.44188198148456,45.9517070773083
1744.0528908001916,26.393109553023148,82.78905153175931,6.9484196579327655,0.3248871544545697,26.787572338820883,109.40962027256592,46.795234949728304
1891.6436421462986,28.06368907893727,80.0517630992169,6.365734676047084,0.3332962126027231,48.32557043479201,135.54148933224056,42.34429361193488
1506.3011524898277,23.028879253926057,73.4408188382492,6.054403887292357,0.3210793305307228,38.141517621182665,166.6578415240581,33.48701069693621
1704.5858913884892,26.534100531738517,74.67443168462313,5.4240922993353475,0.3419470250234806,34.82066727335386,147.84380603977044,41.651591878939236
1406.9199730219632,27.779261591246875,78.47387647822666,6.14042334037879,0.2691373406726538,33.6873314731752,110.70785678490742,44.390654182753124
1597.2499057465327,26.16456797855085,76.95243898920359,6.394434880586153,0.2720849123026985,33.93797298216251,194.87431424921883,43.52947770525616
1460.9570836896946,28.130960750130704,79.06514348507277,6.006410236424408,0.24499228835141523,10.723274206543898,242.80162888069037,39.21370815235083
1529.0987894978155,24.965423099799256,80.28324962448553,6.434371516453847,0.3219750615310113,27.211166058492434,157.84525836095628,43.653893240337226
1678.5471076310741,28.81869488037116,82.64846377178365,6.538425941479384,0.3389468251756057,38.451579711843216,113.83726841055999,50.28102258838154
1254.5337950299581,30.5977962472385,79.64750610970454,6.387572009095961,0.32288864330759426,29.511028165258946,88.041578997861,46.83775004548727
2127.716182705638,25.27432287912068,82.43250821913101,6.17499870958827,0.38372462166737686,15.94810153196425,160.31903924884725,48.12269052864398
1198.1947855500894,25.108994957198455,80.3223720740506,6.584327335983364,0.2997201990585477,29.475955494225307,194.1550937326503,41.94091870029994
1135.7434161636804,28.906768954235403,70.12266716823065,6.720970324784704,0.33343708277962564,47.04105516255491,169.00670985981526,50.554811068447805
1847.4332620500204,29.159144291461423,75.30332303090623,5.954800461278577,0.24541495619303427,42.46891715534719,149.90384636324583,39.97080370221603
1737.4988081888807,24.954279945693465,79.27956222139193,7.205466189873135,0.2806450148762799,29.379959906339682,126.42913392842775,46.30261484469346
1687.2359451156465,25.159626365808286,73.95152628579446,6.450705933857869,0.33477688787828885,39.514492770580866,106.3134546912764,50.33723835561401
1688.503652779284,25.436430782278986,82.99964364998102,6.509424811472424,0.3424551055371572,26.334929796319482,183.39005305299528,49.9560047082095
1496.3259681459256,23.311098977931447,87.65375416171848,6.854107211628278,0.28530165261679086,12.96128413173281,186.5508648554234,44.590081496501185
1230.8236885542506,24.162696107031604,86.09380925848659,6.616608065631751,0.29642003740709666,20.755340118704456,88.17080853237067,42.38011230892178
1522.7413674581178,23.991718466495865,78.93278564534896,6.976568316956622,0.2241063126659595,45.62888768508198,213.59355912722737,49.60692238527286
1296.8514865463665,24.464404869791743,87.45363068424976,6.643562082600912,0.28214853995966954,27.260069181706957,172.96284883576004,39.574113168792984
1792.5359200253254,25.930630225226437,80.74333728601056,6.193781312679781,0.3445191581759893,27.56616020624982,205.98378580583173,42.193666912059086
1455.8827855493585,26.46842946507304,78.3145701444098,6.680751762603051,0.3287602508053283,27.001618037251195,96.31489006059539,42.89189130481526
1252.3508409622466,29.101000985628154,76.93298668229531,5.9281368963396694,0.32503328606906046,49.04136589573007,95.36703378338245,51.83571225297743
1403.584247504102,24.003291918522418,78.48765156755935,6.5542798528882615,0.30248868435904797,46.25958915362063,144.04122760930812,46.92366697632977
1623.8794362826873,27.968644796953168,78.05911590729386,6.4833850046777695,0.3003531579314088,52.18780233448134,170.11137707580775,43.09039272683066
1330.8826341588076,25.57202231154898,80.85208111187744,6.39594157136373,0.26698394302632766,28.409547895999488,221.85443291707855,44.2526065276923
1253.3338813300707,25.901072580695136,80.80286990524932,6.435731244280535,0.33494142101012675,32.95624488747095,178.24315655260526,43.27756981266297
1573.1061634475736,27.349638984333208,80.01523010076707,5.559075477251181,0.32104864721946946,14.83357450579209,140.29274892751866,40.74989952938604
1573.4899713326167,23.754555956875404,82.18469084873175,6.225637546129519,0.32460094239963994,44.769344261182745,108.94523169336432,50.59931701475457
1347.917047388661,26.7648194923681,85.9532313739317,6.5464224505705575,0.27369825786662094,18.32220448732065,199.20002290876602,40.557745737802136
1358.6885083145032,26.33290441642611,84.74777067720662,6.579928195998701,0.19233285400643776,32.16775563762629,111.4117829699714,53.83804246632391
1569.6149812072908,26.9849025280163,72.57551015775049,5.986162429537021,0.3548576355876848,19.026974723671557,215.13874219089286,48.169120097714384
1065.5746975508027,26.578337287815636,67.23039432549022,7.132853920432351,0.2760581271995798,24.11133173261304,138.62461401573964,45.13043084759413
1077.7608676870334,30.91060027982179,84.67159955619637,6.06691257589275,0.25686121179784394,21.627375689502998,213.62328290471402,45.61764306530382
1284.4667336242692,24.724520031497367,73.16560650792289,6.984728600263368,0.3346739455956997,23.92124739324182,177.15725160237113,41.476088981094605
1435.9658544864458,24.938006089996364,78.87617299053659,6.713597180935842,0.2803993680040435,24.608772968510216,144.52018042230168,36.89046734932577
1593.2722696794015,24.75371894715047,74.1494348697032,6.176886345078098,0.35299681920233106,24.51731205074923,129.22414512695494,40.5867703744975
1942.6068650848656,24.88904576167949,70.9900978120999,7.387655446304756,0.3308502974788349,38.33333911780307,136.3636849061568,44.90853607998576
1757.2978869606059,24.725225745386965,82.70731364102394,5.90318158412176,0.3341784661600239,18.9513720693748,167.1326676950095,51.93676115809145
1452.0184410109719,28.378033062215103,83.79577580151323,6.959577086805001,0.23170221443997327,32.20541427013867,153.08625984870866,41.23500335235496
1494.2951376291933,28.84100849597971,77.11744799636641,7.000291159021489,0.36059719926932,42.179591523055585,126.2475436772518,44.69364392480735
1199.2411906086572,24.858507412501048,67.04478853927546,6.164689895461677,0.3130625265616928,24.86803635486604,143.37474358729472,39.3218308582444
1494.446059202283,24.335288853791543,77.26877775873758,7.196232650032164,0.2815361430376898,22.820811092523982,153.143081188766,35.453591358785616
1413.4024083239585,26.942831112772808,81.95902002701273,6.3749767427005235,0.30716942336711256,27.694753748197492,64.85063622340752,48.69756435864626
1596.8155681014268,24.895553911438057,72.60544215612936,6.6443468146399285,0.211188238355084,41.797252083607106,168.32672459154796,39.39940768441447
1251.8307169343032,27.26586363551102,80.91679959889578,6.63016091938561,0.32043264057403353,31.941076309533578,110.81115101132772,45.08385126796679
1655.8039542723518,26.4058460417026,79.92345075413502,6.432845629264726,0.24853142459089642,24.687857053924013,103.8667038717702,42.85588469192945
1959.8216739007732,22.968511770005534,82.89645749800545,6.905404136579891,0.23236648570782326,34.838766511880394,82.5062261155716,40.40600112427577
1467.3719554629427,29.095010402660122,80.59790184207077,6.896744360276107,0.22388204068910544,18.977078501635766,78.2443000852844,44.80302334974788
1620.5135166296825,29.591755346191043,75.13465529559222,5.625734013380909,0.35563441874949625,36.81359510442948,95.78209987550844,44.105566370425784
1707.0431975133338,24.774422619031228,85.98285750832245,7.1521701214390765,0.2685368303153606,34.08607307701767,121.63916169478038,44.038588876719835
1379.633858434249,25.224596880128033,79.20735213486515,5.668754005982163,0.37668638549582495,26.92191528861116,228.13036550106273,41.2232349753541
1567.227744543125,26.57173078144981,79.86347730245033,7.016273102170828,0.2732099268473851,21.61414201552769,128.96481296419185,46.04689571901153
1503.7777202345385,26.66891357997405,75.33366020463401,7.063352568413792,0.21463210212035266,21.133190777165428,157.11000425072126,50.857572100049154
1529.3028295646495,27.317088545345662,77.78358874404245,5.954516784892401,0.24417377800256704,35.348173363459104,166.01925546025313,45.53003529179646
1268.09706484336,30.020409077532697,75.5759864298655,6.294592856022708,0.36179058100034694,42.28980502489062,155.24260744863395,52.07379351974812
1507.3530522776828,25.646105545011903,79.13526970038288,5.947147665757032,0.2922050911031666,23.626922529712054,146.90226157096026,37.0939451461498
1649.3994873736349,24.403405510923093,88.55854240071172,6.392539484855632,0.27258563517546996,34.58386703551484,102.1882494560302,48.11888281469318
1935.3430823385124,23.241361543970946,73.14049428534322,6.34598285790713,0.3080009112926394,9.129729813979313,208.03710193116848,37.25550596616142
1787.781247825562,24.538139920116162,71.93219301061629,6.88983026613467,0.32508913680837725,24.153822693428005,222.2878657455154,35.94146634917557
2145.954737253467,25.933746054252406,87.35585163746805,7.155154373059804,0.355869940795123,29.68941067129098,82.69365223509257,44.32847867332546
1269.7957311335852,29.589115727035576,78.95338161424067,7.197841905394978,0.3724249614946463,20.903165830181663,109.03885636454481,51.44377314143606
1761.6961910162036,24.964777401927655,76.65463630670041,6.218915986710849,0.2820115677105457,20.63493625210404,138.80758630491977,48.43002144453614
1555.0026017215055,26.447575903277798,85.19952343698039,6.395389063127736,0.2336976156958981,23.322204435311136,111.41848820359235,47.51672318346395
2156.9408799653015,25.967154207854495,76.97192230131569,5.6582809038895245,0.27932674194383617,32.921927283263734,170.2386221382346,37.183844567565856
1257.5105143934545,28.376786546896167,89.13004856773468,6.097064966751906,0.3130140253291443,28.126709815936252,120.86911190373547,47.40032241224513
1248.0834473457671,31.053864851747242,83.38962935669635,6.982425816548729,0.25181205368946946,7.617687666750278,236.60224271226411,48.848663886340134
1320.1822063667933,24.938262454159357,77.56044295927148,7.307791411774116,0.25214245425524784,8.792998473649337,197.62194377374385,42.57702075591186
862.8312827070579,25.021121114963556,90.78654106632752,5.882825564060039,0.31718939407749425,23.931348221428244,158.5029612252886,36.97235961760973
1342.2734934957716,28.088321754138143,76.9714253849833,6.203767870423553,0.29756738242147746,34.57686586053552,191.07945053278928,41.391393602872796
1272.2602015338907,27.363782979252623,83.71047686004654,6.486797121520537,0.30163984977057934,2.5249515727476535,194.23601697429234,46.07776661909165
1545.1181359428622,29.693414651472068,81.49646290203246,6.640080579409803,0.2620752332649965,25.002698238483696,127.44210047767027,49.932484106348696
1602.5267927331479,27.16785637065193,86.50870644699398,6.095198240039177,0.2884799642897116,24.737521434825787,117.3513102183214,36.2465398962907
2062.851251764766,25.28141581842588,87.80755598363426,6.712030522232045,0.2537883427865848,43.88337778208448,153.1257225187859,48.13730582812731
1785.127151455815,27.181309661384617,80.16002074532884,6.263080326464542,0.3445099205562393,26.149781882871363,184.46544497991778,48.04756260903157
1326.928903301279,28.217407161165816,76.23291064826908,6.492773864560861,0.3517624667361876,33.829889847409284,155.5624159461367,50.63078557256269
1230.4755985954926,27.64096436239473,82.29986071469558,6.77314212400185,0.2076906068880953,31.412571400874633,86.92014071236011,48.40613131202879
1647.5757514519516,27.014548062214594,76.61142315123946,6.503211134905469,0.2535244569903795,8.694335201927995,117.8870222419663,46.84111835603598
1103.9300378938074,28.13334937917831,90.06693623763312,6.281807054736715,0.22517353724549605,37.682072166317376,147.0410854562249,44.464777047963544
2049.4376297563063,28.338591180891346,80.68267665541369,6.445195098037084,0.2674988032796551,32.15396505456288,146.9733758269668,38.57577340083438
1853.832036216386,28.764317982075056,78.17339224343945,6.455818520397332,0.29582810151048194,35.0826863967459,228.90168707159233,46.48964619764784
1359.2473043685886,27.297419775179286,80.92340152932454,6.314994485058937,0.2275177390150735,69.26237706436326,94.56048230404008,51.96627411769415
986.0596412727367,25.665763839366292,73.26436855235151,6.370601968666449,0.25390700934373434,9.158870605014116,170.22356967343498,48.192037663311524
1906.1617122496239,26.293427372866645,75.14192980744674,7.299323585252359,0.24980213139592505,47.24696649761108,209.5645243331316,48.41172927632193
1465.6380464242147,28.413017933016715,86.00206953972213,6.780459723970619,0.31036336646994717,27.125524805996445,240.85798981691184,51.39268039050927
1871.3448935920385,24.366128658025527,76.71552860514302,6.35225984098542,0.3034672168518125,32.873289044030095,133.82410307264155,46.55970827308646
1021.6717023616899,26.737346617745803,74.7654450865903,6.848477202255368,0.26391312233313735,29.54487754698758,169.65717810880798,40.177048983027575
1320.1874931138682,25.213322375345278,82.68326376263643,6.333090255121995,0.3088410436069699,25.757636666019565,172.79041428794588,45.17209075741733
1501.573109915455,26.057489645869634,85.92852077331499,7.08656231879332,0.2726659957706367,24.301670717612414,157.81926926213163,54.50260645251355
1514.0941781294225,28.556903725214596,83.59476655332533,6.684821096099047,0.2864172444836973,33.29508735573009,146.04619195042775,43.29202669583402
1364.980358556227,26.382198136039808,84.98023842902909,6.446348927997885,0.38367260451492685,14.828263033283209,167.43901558000184,55.63425247599957
1686.8549797042497,26.092873096312296,76.21602455715269,6.723858462905139,0.3670230525895174,37.50579167521766,48.71015659121258,43.259717852008066
1179.7138711852217,23.28028771804016,72.89094666629079,5.71456192396575,0.2350209381536201,25.83805595114746,177.28277960250526,46.33807996980328
1457.286154493612,27.492507132054442,87.50666825977743,5.936616265545098,0.3414866208939587,18.699306609596423,155.0471161464787,40.65228653743437
1536.0886895135698,27.29096836228215,78.38660080578933,5.903037496800472,0.3405698277245796,25.499871420041863,141.1010041288694,48.06093969086578
1654.3316502176247,30.32650944661092,78.74583491772476,6.5714715473818535,0.24258683556236907,42.571492168625724,231.87448782878232,45.14206256689912
1713.484463426667,25.384443530094,86.6409707092453,7.366257499742546,0.34093888218774304,24.64664912983777,123.0026392483779,39.174378616420995
1162.6073724486391,26.43830065532788,82.7811500470033,7.615650073096316,0.37689659592062763,33.5845361820962,133.87696043739876,46.027042525209374
1039.7657487793133,26.49876736742151,82.27943886040804,6.8190255507203785,0.2438727596877793,22.690437242845267,229.66213208818937,50.29192546083283
1883.3030465695526,29.15490655952695,90.82501172450542,6.750422237472229,0.2541248589492868,37.5792184992362,116.71754780600574,46.45339621485701
1599.6942035938775,25.809408935226095,76.78240884809928,5.599471132923631,0.3508830733421751,36.85507738790204,127.99538868253845,36.47421648242808
1275.454039033034,26.55804305154068,84.63920064040619,6.228663100132989,0.3135747655412824,48.486088332964115,144.118983062766,47.221034077238144
1965.345592656757,27.21579301943308,80.28506562448543,6.10610812404588,0.32757381376197614,28.244360545007844,183.62937928518198,46.92339694430351
1534.7023902878575,26.373218246312717,81.34296139431629,6.189576200874442,0.3170294608200248,36.686548047579066,158.31210029413253,49.367395875068866
1853.789155219148,25.107132770898943,87.64234213206265,6.415928090707605,0.3195347960464072,30.980675395389447,98.29498611390949,52.861007965116855
1520.2555444230327,26.388179985796615,82.53917878144811,6.263954711151436,0.23367639358444584,42.95871781863014,128.7132574749124,45.9990206336443
2118.2243774645963,28.147263499719543,82.69148039524816,5.5103500948121065,0.3523658853310724,22.811676123912697,125.70582267151154,56.337042273180415
2026.6022527329615,23.94696940117788,85.362536686549,6.873955128058767,0.3584794996213887,37.45005312877281,146.9111581910782,48.9351229131418
1425.310755456278,26.265939348293752,78.17523635228558,5.963628487130097,0.2885304627965986,28.053027038833182,167.03374634519315,42.58957997833037
1791.4712852863067,24.599758370121652,75.80395166330497,6.619623432055575,0.2978261525093069,29.35811822891502,166.72823023551888,36.440373333893646
1693.6127848755443,28.390093257849685,74.77595402989483,7.537041334874987,0.2234446248722139,30.91752484448373,78.95952983806392,41.197595925640535
1910.5894672597046,22.953626190432452,70.16821705311999,6.040307704206788,0.3257127378008917,32.52240396426677,192.55763950243426,40.55596179827612
1210.5229618259687,24.882156305456824,90.28103564970161,5.234856238626835,0.3286028720857072,28.83770956878042,160.10275383986493,50.546612967646595
1705.8154379995317,26.754423750129043,74.48395817139158,6.356997889059945,0.29689044915003443,32.147131831705266,205.38128190375625,47.79051800305839
1817.5273460548763,29.131048058468682,78.89373188207114,7.050479817499285,0.3562176679935251,45.781180575621846,167.76793309162687,42.39980808243639
972.3781540730657,25.868499477854023,78.6159335005554,7.479173727110297,0.283296138451003,39.85449685615218,194.05291830943048,44.1329259854863
1145.0224462002675,24.889600946613605,81.5370334890455,5.885225202773792,0.32823029629468,38.69154592496896,168.66181245800507,48.22756006038914
888.2303466719699,29.76231413888118,84.07868606269648,6.748349611618261,0.2490167830653942,25.444604739761292,203.84903024810993,54.82556952541923
1419.1779496666327,23.10397219916751,84.30236744179872,6.267344771609974,0.29882239245628806,21.10759171771676,170.89002544071116,49.405765376602716
1715.2626767387887,21.602388086759838,77.08461280715531,6.447025822847932,0.2912822871048582,39.55300558237753,146.08339014228383,47.40669520784764
1950.7071156288084,26.880028900106666,79.16439143106794,7.822171673508517,0.31126539610204706,38.760467925297945,240.89738881787525,46.206483982154225
1522.2284341259326,24.99589155129478,81.4128997524415,5.748514835802423,0.2815236535583321,44.72670675750982,185.56148489119568,47.31204899072456
1988.5846636713875,23.957534365738574,78.75654436908226,6.626869830747287,0.2934263702164166,23.960193740307705,172.94977684017653,51.438455820554275
1085.9695625355325,27.416712894598707,88.03672788009996,6.733846585882716,0.3413023585720753,27.70451344639653,98.94782333846656,40.94746126866197
988.9852681934535,26.487601427542398,82.45487475819125,7.042893162469674,0.2781617881380891,13.60515837474566,98.46769530145849,41.57180346972411
1483.3356903310143,24.871842738526542,83.67438893024908,6.548991576735448,0.219671144963066,26.07528893939127,161.70861928567413,41.66164462120489
1615.2196346817923,23.43939120265821,83.31440634333707,6.654025269752051,0.387479195210271,39.96570510579447,155.82084791072964,48.96345751432006
1490.191575571772,27.74491465656029,85.86736928742663,6.304175716289104,0.3690727039345243,25.335046207718023,125.43509739966736,54.58434390021164
879.767369988037,27.30040235591732,80.90510779351854,6.634563470622553,0.23538686524471905,36.40479795200824,155.6393079844824,42.157771511032244
1473.2639881461635,25.801648272441234,73.51584026022077,6.328403862251295,0.3344853902622597,28.094968940021886,213.54507712174382,32.4924431985757
1108.659149848544,29.69327399209533,81.99843975876321,6.810785944928026,0.27485126147243283,33.24057028221561,177.81609898201194,45.16951372705055
1700.9017646490115,23.859830467347695,76.74321553104086,6.315194831978183,0.313174360766553,18.523086101843326,104.35965960989047,47.65393625518413
1609.9794738290545,22.94894965815052,77.35691659125122,6.688550196951093,0.3147112064506747,30.85209449633901,145.53964691428226,46.35767113342247
1218.0360641017935,24.616183860237513,82.93182009377547,6.485368593157511,0.2882796099841839,0.08864029099276749,117.80134076589756,45.80062003387334
1345.839924798992,25.908827967289003,86.19141535716818,7.063025125386084,0.26081171672068015,28.13103841838015,134.49200334365756,44.33709080181075
1182.2359434333146,26.486678898645383,80.1063578836803,6.474303138205757,0.26547294738418703,13.6952675628486,133.4553733748143,37.86721788233844
1481.1962708180483,25.51752788428734,81.54416506299482,5.613483765896559,0.25419040422593786,42.059945165468164,130.8941766958398,46.941688210084855
1786.5426961503715,26.704110793028594,88.5110747231762,7.130960750356996,0.25840888958847774,37.774073527645115,99.7945851210642,43.51587107835845
1204.2821860993367,23.496921151619112,81.20376589744284,6.047133849568691,0.2966410854975322,34.66670981966081,144.8938127392724,54.68159055663183
1651.2139546553533,28.887529208146518,93.00841557090197,6.17311683067559,0.2642120005444624,45.2100622715938,127.5756945261076,54.02586695206371
1340.9227144882677,25.835697643214864,82.82754822815772,6.202169352978254,0.33410260328563096,20.510834791751627,32.82205239990928,41.64384420866103
1262.1381503212967,28.234591663176253,71.19618620422091,7.187219046585408,0.37436230776679635,47.473631979155584,232.11888098006654,42.00755714980944
1467.8908920136328,26.68545069275541,83.76670810552267,5.432162893010652,0.27099733793149783,39.32191564260385,193.5507861686669,45.41970133814697
1189.4273032741878,26.913506438307568,81.90579192441389,8.068874266829997,0.31197022502676885,27.63444712781054,134.94797100300016,41.9229915759458
1333.9052083958454,27.13953456046441,86.44876377041373,7.028028404533026,0.3249842555151467,41.35620147182944,150.75276198962393,53.525499145370915
1140.6366322233455,26.89541712003463,83.36590675634979,6.61161945706458,0.3236001135459637,18.937064875883657,103.13382610729752,46.661788426286805
2089.4175398749167,27.285445519735088,79.30772008008113,6.472552999691857,0.30379776339580433,21.754858384723263,217.82891511243463,44.20483087280134
1510.5790655915187,28.658305060264862,73.87850881855317,6.642777037428829,0.3371341209179861,23.914102767602998,225.89154779092445,55.50647448327192
1290.0823476022242,26.39304233940294,78.95488371356987,6.76056121418967,0.32411244763403285,24.710222919359847,156.267749129861,45.227883321805585
1564.1939732202666,27.418007515177024,75.7473977289535,6.822607792975028,0.23811687888363509,19.43442357239747,190.94122576741378,48.02289604173989
1466.301585092751,25.820528611425548,77.09738275097638,6.777802233001724,0.3434578032194636,42.23083067095325,157.01147115735697,42.49157957527982
1433.709120140033,28.880234430898945,82.94289202210305,6.544790340627625,0.3443645418633371,27.411455996301683,96.53098244496277,49.6959285627259
1684.2500100130276,24.64721539588146,88.34952252175702,6.4013307898463365,0.26183569479107094,33.525049683568795,133.5270652414537,49.185056094406235
1727.2523130141915,29.60188086582163,81.9733576491149,6.424363358173244,0.3018968917723801,24.296486335863193,155.27711867087828,39.03449703076514
1340.8496557168419,25.919684098711315,74.02058468982408,6.402545859823659,0.3341664496405535,11.793966994514829,131.81809125026223,52.978727798320975
1327.254527806596,23.138449795763904,82.22301334110071,7.066885048433532,0.2895343090210319,32.70057358391422,141.25386890259855,50.15300062200304
1417.4844908545067,26.256208829821578,85.98315743322826,6.796778361140431,0.3536489023883006,10.87745024580223,146.34401769963543,44.72228903674695
809.4236505793245,24.637896685050237,76.95108547840309,5.02980568266786,0.41819362473096805,29.313659539145313,146.76486008538154,35.68665177538189
1045.4426813404343,27.68128709797745,79.3299141666354,6.82795038826488,0.2607006983682509,16.316849611671895,152.09033961989934,45.75616331461332
1910.0622802333573,24.69475204139522,80.07344097364599,6.597368097359388,0.23094776984231125,49.872759992308076,107.57579734413596,46.3071588470912
1993.4903140503852,25.10763313357044,76.0755084345888,6.490645621777051,0.31519092978024377,39.113627221747215,121.31935403488255,47.4438699108715
1425.2891881330866,22.22091853810894,83.2414021692193,6.3057407734555575,0.33607812525630715,31.057537912714803,98.61662937200123,45.40265126588682
1672.9670889167298,25.095387361501846,79.3952592569611,7.062056359993007,0.28845668130776153,42.63706677654669,189.11262198744802,48.02684423399576
1593.3750463630608,21.152241346742088,82.09766221953514,6.973763231061429,0.3726630331660517,21.536840225342644,65.77412232638702,50.1423850329854
2423.6642425365712,22.832194353028555,75.5625391109895,6.113561166088195,0.23306971001383753,35.43479378670093,196.143613732677,47.063698679504085
1835.872473430373,27.520829312288594,77.81270849838295,6.703526143562268,0.33464593115158053,31.998104337187137,205.45397589051373,42.121546658125986
1461.62472255577,27.571600317301666,83.61190678913886,6.014171632729357,0.2697069589620553,32.6402008133367,137.91277652069513,53.34198656501935
1213.3378678198724,26.85091512356993,78.13583423954117,5.810190917605535,0.3859688953103648,42.723535001067674,45.87451648690805,52.57094908996567
1018.0661039227282,24.066047713741575,88.63481925616702,6.186641387705017,0.3996257676584059,37.32492102779802,135.54757752130837,63.011147792723854
1561.039090760167,25.90457728771604,78.00181907192699,6.93119673619138,0.2616671706108326,32.887236628250236,147.43263354844723,38.730408781381
1273.094776414709,25.992794921818863,81.12342362875943,6.976562522688043,0.27252214320457097,13.451125637717038,109.57607120284347,44.63443754870196
1073.3238871206977,23.683270621614916,84.66295415936546,6.756542710048646,0.3429793943489901,20.399537047205364,129.39126424767028,34.207273835143134
1306.028134727242,29.0067966035343,72.90817133533484,6.862547893423999,0.28064346751052427,28.772910664042758,211.20780795453405,47.385714254722856
1175.5355989156815,27.754724581151343,71.19595594009613,6.758089143557479,0.29772943910338806,30.933723742766514,176.59708649206965,40.61999193557995
2006.1424905217696,25.558071652340672,72.37171842714953,6.179259202388524,0.3012694210271205,18.69796275326076,113.017435424876,52.55635041644355
1764.4919270848352,26.05377167798906,86.31292051713591,6.71596127233697,0.20401634219011716,54.11676675578421,86.09603321618272,43.751710545390324
1497.6082076050147,26.416765615895105,77.24070927053776,6.900204762613841,0.2993081126952881,45.16394055253573,136.91930729560914,36.74995851679068
1943.9832416670079,21.91653026315142,92.79099642834126,6.877145664906787,0.2655136112967913,36.021183203924835,141.46172882598248,45.44373307150991
1523.2104922942856,25.505645234958806,77.17876200671306,7.094456685737321,0.2753438588800114,30.720368612837447,169.84796749453267,33.87445667090888
1241.6147396015208,24.636031504004404,80.92275651598518,6.854151923600532,0.3721816001734407,27.877910300988482,128.58733149729363,48.52685044309305
1956.9372231808973,23.996759980210168,87.71054976283938,6.675724103770792,0.23717465528603715,20.480815399777644,170.45998301447446,36.6489430794895
1661.6730131053976,25.437799414228092,90.03046444079561,7.035075119158214,0.34066025933739885,30.774805185188626,227.40616160240916,49.3429272018204
1188.826153702063,29.595373053699046,90.30751788318199,6.48673937037547,0.28605185348340956,32.57752540142751,182.6200408977705,40.167609054561375
1442.8983965749176,27.28168572253402,86.04183115296571,6.059062674386141,0.2860119915752083,17.582394245183757,148.0764597067691,45.07582955147459
1237.3145239845728,24.857642020434405,85.12031262905731,6.418466518028118,0.33951859480258556,33.341764172448976,142.6739811578682,54.98238163020944
1085.1600807106993,27.145165562712318,82.96263474600592,6.127548677596775,0.3170025647284445,28.44740951175251,135.73307463280514,47.639757048151985
